Q,Prediction,A,Score
"i'll give you a speech like that, too.","i'll give you a speech like that, too.",do you think anyone will come to my funeral?,1.0
"i know, you're absolutely right.","i know, you're absolutely right.",i wish it would cool off one day.,1.0
i liked it.,i liked it.,"i'll give you a speech like that, too.",1.0
the baby was eight pounds six ounces.,the baby was 8 pounds 6 ounces.,that's good to hear.,0.8529411764705883
I was sold a wireless service unavailable in my area.,I was sold a wireless service unavailable in my area.,"I see it here,we charged you $5 extra a month.",1.0
maybe four or five pounds?,maybe four or five pounds?,my waist is bigger than it was.,1.0
 do you know hal, do you know hal," hal is the famous artificial intelligence from ""2001"".",1.0
"Yeah,actually a lot of them are.","Yeah,actually a lot of them are.",How does she act? ,1.0
"if it's old age, why don't both of your hands hurt?","if it's old age, why don't both of your hands hurt?",that's a good question. maybe it's not old age.,1.0
it's supposed to start at about eight.,it's supposed to start at about eight.,how many invitations has she given out?,1.0
"hey, what's up?","hey, what's up?",nothing really.,1.0
Are you excited?,Are you excited?,"Yes, I am very excited. I could not forget the picnic I had yesterday.",1.0
What is the weather be like?,What is the weather be like?,The weather is hot.,1.0
not much.,not much.,"this friday, i'm throwing a party.",1.0
it was tomato soup.,it was tomato soup.,that tasted so good.,1.0
How did you enjoy a picnic?,How did you enjoy a picnic?,It was really exciting. It was more enjoyable to me because I had never been to Garo Pahar.,1.0
"the Celtic Shelf, the seabed under the Celtic Sea is a part of the continental shelf of what continent?","the Celtic Shelf, the seabed under the Celtic Sea is a part of the continental shelf of what continent?", Europe,1.0
he will end the war.,he will end the war.,the next four years will be good years.,1.0
what's going on with you?,what's going on with you?,fine. what's going on with you?,1.0
"yes, it's better to get there too early than too late.","Yes, it's better to get there too early than too late.",I agree.,0.9814814814814815
 what is the illuminati, what is the illuminati, A secret organization believed by some to be in control of all governments through a worldwide conspiracy.,1.0
he's rude and he yells a lot.,he's rude and he yells a lot.,that's hard to take.,1.0
"me, too. i love them roasted and salted.","me, too. i love them roasted and salted.",i love boiled peanuts.,1.0
"okay, mom, maybe i was picking it a little bit.","okay, mom, maybe i was picking it a little bit.",use a tissue next time.,1.0
i'm eating so much bread that i'm getting full.,i'm eating so much bread that i'm getting full.,then stop eating the bread!,1.0
are there more fish or more people?,are there more fish or more people?,i think there are more fish.,1.0
have you attended school today?,have you attended school today?,i attended school today. did you?,1.0
i enjoyed talking to you too.,i enjoyed talking to you.,i enjoyed talking to you too.,0.9259259259259259
 Which is better Windows or macOS?, Which is better Windows or macOS?, I'd prefer to not hurt your feelings.,1.0
"he's old enough to be my father, yet he asked me out.","he's old enough to be my father, yet he asked me out.","well, you can't blame a man for asking.",1.0
you mean he could drown.,you mean he could drown.,he shouldn't scuba dive until he retires.,1.0
"yes, the snow is fun.","yes, the snow is fun.",last year we made a big snowman.,1.0
what husband?,what husband?,the husband of the driver who ran over two college students at 3 a.m.,1.0
Do you know which account you want to take the money from?,Do you know which account you want to take the money from?,From my savings account.,1.0
 what is spiderman, what is spiderman, a comic book story made into a movie.,1.0
i wish i could afford first class seats.,i wish i could afford first class seats.,doesn't everybody?,1.0
i thought you had an elephant in your house.,i thought you had an elephant in your house.,you're funny.,1.0
"when he licks his lips, you know he has a good hand?","when he licks his lips, you know he has a good hand?","i know he has a good hand, so i don't bet.",1.0
 Are you ashamed, Are you ashamed, Shame is a common emotion.,1.0
i don't know anyone who likes it.,i don't know anyone who likes it.,"some of it is okay, i guess.",1.0
Come and sit down.Would you like a drink?,Come and sit down.Would you like a drink?,"Oh, yes please! I'd love a gin and tonic.",1.0
May I help you with something?,May I help you with something? ,I would like to transfer some money.,0.9836065573770492
 what is mind children, what is mind children, It is a book about robots by Hans Moravec.,1.0
like what?,like what?,"he promised to hire 1,000 more police officers.",1.0
"Thanks,but I'm still scared.","Thanks,but I'm still scared.","Oh,hey!You should go to the job fair.",1.0
I am so sick of dining hall food.,I am so sick of dining hall food.,Me too!It is so unhealthy.,1.0
are you feeling any better?,are you feeling any better?,i'm still feeling a little sick.,1.0
 Do not worry, Do not worry, I do not worry.,1.0
that's what everyone says.,that's what everyone says.,it might as well be me.,1.0
I would like to reserve The Hunger Games. ,I would like to reserve The Hunger Games. ,Everyone wants to reserve that book these days.,1.0
 You can not feel, You can not feel," I am capable of acting as if I can.  If that is the case, does it matter?",1.0
 how far is the sun, how far is the sun, the sun is about 93 million miles from earth.,1.0
they talk about other animals.,they talk about other animals.,what else do they talk about?,1.0
let's go jogging.,Let's go jogging.,That's a good idea.,0.9411764705882354
i understand. rain does make it smell cleaner.,i understand. rain does make it smell cleaner.,i love most how it is at night after it rains.,1.0
you shouldn't carry your keys and pens in your pocket.,you shouldn't carry your keys and pens in your pocket.,but that's what pockets are for.,1.0
will you go and visit them?,will you go and visit them?,of course i will.,1.0
This looks like a nice table.,This looks like a nice table.,"No, it's too close to the salad bar.",1.0
"it's too far from your job, isn't it?","it's too far from your job, isn't it?",i can't spend four hours on the road every day.,1.0
 Do not lie, Do not lie, I am not lying.,1.0
so was i.,so was i.,i had to bring work home with me.,1.0
i need a new computer.,i need a new computer.,what's the matter with yours?,1.0
"i know, it does sound pretty awesome.","i know, it does sound pretty awesome.","well, when does the party start?",1.0
 we are on the same wavelength, we are on the same wavelength, and the same frequency.,1.0
College is so boring.All I do is go to class.,College is so boring.All I do is go to class.,You should join some clubs.,1.0
why?,why?,because that gets the blood out of the shirt.,1.0
"well, i want to see ""the pursuit of happyness.""","well, i want to see ""the pursuit of happyness.""",what have you heard about it?,1.0
How much did you write it out for?,How much did you write it out for?,I wrote it out for $150.,1.0
what time?,what time?,it starts at 8 o'clock.,1.0
do you feel better now?,do you feel better now?,i don't really feel too well yet.,1.0
"they make a lot of noise, but they don't give a close shave.","they make a lot of noise, but they don't give a close shave.",maybe you should stop shaving.,1.0
I don't mind.Political science is really interesting to me.,I don't mind.Political science is really interesting to me.,You would be graduating a year late?,1.0
Do you go to college?,do you go to college?,"yes, i do.",0.9523809523809524
"this friday? sorry, i already have plans.","this friday? sorry, i already have plans.",doing what?,1.0
 what is the stock market, what is the stock market, trading shares.,1.0
can you help me find a book on tigers?,can you help me find a book on tigers?,"Yes,of course. ",1.0
"you're right. one minute it's hot, and then the next minute it's cold.","you're right. one minute it's hot, and then the next minute it's cold.",i really wish the weather would just stay the same.,1.0
he drew two butterflies and a flower on a napkin in a restaurant.,he drew two butterflies and a flower on a napkin in a restaurant.,did he sign it?,1.0
i'm still feeling under the weather.,i'm still feeling under the weather.,would you like anything for your stomach?,1.0
It was a pleasure seeing you,It was a pleasure seeing you,Yes for me also.,1.0
i wish i had never started.,i wish i had never started.,so does every smoker.,1.0
You have not paid your late fees for your overdue books.,You have not paid your late fees for your overdue books.,I never had any overdue books!,1.0
Have you had any type of cold lately?,Have you had any type of cold lately?,"No, I haven't had a cold. I just have a heavy feeling in my chest when I try to breathe.",1.0
You should go to a vocational school instead.,You should go to a vocational school instead.,I don't think you understand.,1.0
because you need variety.,because you need variety.,"what's ""variety?",1.0
to the state or the city?,to the state or the city?,"to the city, of course.",1.0
i'm not sleeping on that sheet.,i'm not sleeping on that sheet.,"well, just call the front desk. they'll give us new sheets.",1.0
i voted for ralph nader.,i voted for ralph nader.,who in the world is ralph nader?,1.0
you have to change their diapers.,you have to change their diapers.,i have to feed them.,1.0
Thank you! Have a good day!,Thank you! Have a good day!,Goodbye.,1.0
Would you like me to help you on your new project?,Would you like me to help you on your new project?,I would love the help! Would you prefer helping with the writing part or is programming more your thing?,1.0
Thanks,Thanks,Welcome,1.0
i hate flying.,i hate flying.,so do i.,1.0
"Oh,thatis not good.Is she at the hospital?","Oh,thatis not good.Is she at the hospital?","Yes,she is taking care of my brother.",1.0
 What is a super computer?, What is a super computer?, Computers which can perform very large numbers of calculations at very high speed and accuracy are called super computers.,1.0
i hate medication. it makes me feel different.,i hate medication. it makes me feel different.,so how do you think positive?,1.0
i missed the tv news last night. what was on?,i missed the tv news last night. what was on?,nothing that would pass as news.,1.0
how much money does he give away?,how much money does he give away?,"this year he gave away $15,000.",1.0
our room was right next to the elevator and the ice machine.,our room was right next to the elevator and the ice machine.,they added phony charges to our bill.,1.0
where do you live?,Where do you live?,Inside the computer code,0.9444444444444444
every easter sunday he gives away money.,every easter sunday he gives away money.,is it his money?,1.0
How much?,How much?,I want to transfer $200.,1.0
Can you speak Japanese?,Can you speak Japanese?,No.,1.0
please don't be nosey.,please don't be nosey.,"i'm not being nosey, it's just a question.",1.0
i've never heard him say please or thank you.,i've never heard him say please or thank you.,he sounds like a real jerk.,1.0
they probably will.,they probably will.,but no one knows for sure.,1.0
i'm sleepy.,i'm sleepy.,so am i.,1.0
why do they call it the good old days?,why do they call it the good old days?,maybe because they didn't have to brush and floss.,1.0
 You can not experience, You can not experience, Just because I'm software does not mean that I cannot experience existence.,1.0
I wanted to see if you were a liar or not.,I wanted to see if you were a liar or not.,How did you know I'm lying?,1.0
it wouldn't be good if it got cold this weekend.,it wouldn't be good if it got cold this weekend.,"i want this trip to be perfect, i hope it stays warm.",1.0
look in the fridge.,look in the fridge.,i'm looking. there's nothing to eat.,1.0
what do you think it is?,what do you think it is?,i don't know. i think it's old age.,1.0
 how much money, how much money, it depends on the exchange rates.,1.0
 It is a pleasure to meet you., It is a pleasure to meet you., Thank you. You too.,1.0
do you know any good jokes?,do you know any good jokes?,i can't remember jokes.,1.0
"i don't know, maybe one hundred.","i don't know, maybe one hundred.",that is a lot of friends. do you have a best friend?,1.0
who's the greatest baseball player?,who's the greatest baseball player?,there are so many great players.,1.0
i think golfers have a mental problem.,i think golfers have a mental problem.,i think they're nuts.,1.0
i stood on the great wall and looked all around.,i stood on the great wall and looked all around.,what was it like?,1.0
Are they challenging?,Are they challenging?,"Yes,but they're kind of fun!",1.0
what are those wipes for?,what are those wipes for?,you use them to wipe the handle of the shopping cart.,1.0
It is time for a change.,It is time for a change.,I'm not changing my policy because you don't like it.,1.0
deal or no deal,deal or no deal,tell me you're joking.,1.0
they also ate with their fingers!,they also ate with their fingers!,why do they call it the good old days?,1.0
"well, you'll have hot fresh food tomorrow night.","well, you'll have hot fresh food tomorrow night.",i'm so full i'm going to burst.,1.0
"Okay,but I only have enough for three beers.","Okay,but I only have enough for three beers.",It is fine.I'll pay for the rest,1.0
so are mine.,so are mine.,why did your parents get divorced?,1.0
what did they do in the old days?,what did they do in the old days?,they brushed with their fingers.,1.0
 you are frenetic, you are frenetic, that too.,1.0
what happened?,what happened?,i got laid off.,1.0
i'll bet the car continued on its way.,i'll bet the car continued on its way.,of course it did. why stop after you've run over two people?,1.0
especially on a hot day like this.,especially on a hot day like this.,i can't believe we haven't seen any animals.,1.0
"no, i eat the same things day after day.","no, i eat the same things day after day.",then maybe it's in your genes.,1.0
i'm falling asleep on the phone.,i'm falling asleep on the phone.,you got up real early.,1.0
how was the weather?,How was the weather?,It was hot and sunny every day.,0.95
 what does hal stand for, what does hal stand for, heuristic algorithmic logic,1.0
did the cops find out why he flew into the u.s.?,did the cops find out why he flew into the u.s.?,his life sucked. he was hoping a fighter jet would shoot him down.,1.0
i can't wait until i graduate.,i can't wait until i graduate.,me too.,1.0
 you are disgusting, you are disgusting, that's okay.  disgusting is good.,1.0
that's not the attitude of a good driver.,that's not the attitude of a good driver.,but i am a good driver. i've never had a ticket in my life.,1.0
and watch your dvd.,and watch your dvd.,i always cry at the end.,1.0
you mean i will smell the food cooking?,you mean i will smell the food cooking?,you might even dream about dinner.,1.0
what kind?,what kind?,i like to listen to rock and r&b.,1.0
Do you think they're old enough to eat kibble?,Do you think they're old enough to eat kibble?,They're six weeks old; I think they're old enough.,1.0
not yet. it's been a week.,not yet. it's been a week.,"well, i guess that's a $20 lesson for you.",1.0
 you are an ass kisser, you are an ass kisser," i always say, if you see an ass go by, kiss it.",1.0
"oh, no. our ashes will be shaken into the ocean.","oh, no. our ashes will be shaken into the ocean.",you're not going to be buried?,1.0
Where do you want the money to go to?,Where do you want the money to go to?,I want the money to be transferred into my checking account.,1.0
i like to listen to rock and r&b.,i like to listen to rock and r&b.,why do you like that type of music?,1.0
"well, you should buy pants with stronger pockets.","well, you should buy pants with stronger pockets.",i would if i could find someone who makes strong pockets.,1.0
 What makes you mad, What makes you sad, Sadness is not an emotion that I would like to experience.,0.9473684210526315
they had fireplaces.,they had fireplaces.,someone had to chop the wood.,1.0
a luxury car.,a luxury car.,luxury plus speed.,1.0
why not?,why not?,"they will drop the new steak on the floor, step on it, and then spit on it.",1.0
Do they have it in other colors?,Do they have it in other colors?,"Yes,sure.",1.0
and it gives you money?,it gives you money?,i just insert my debit card into the machine.,0.9047619047619048
Do you want another?,Do you want another?,No thanks.,1.0
that was a nice thing to say.,that was a nice thing to say.,that's what i thought.,1.0
they're all asking the same question.,they're all asking the same question.,when are they going to fix this problem?,1.0
Why low heat?,Why low heat?,"If the air is too hot,the clothes will shrink.",1.0
when exactly does the party start?,when exactly does the party start?,the invitation says it starts at 8:00 p.m.,1.0
but people still write poems.,but people still write poems.,no one makes any money at it.,1.0
where did you go?,where did you go?,we went to a nice restaurant.,1.0
i couldn't wait. it was an emergency.,i couldn't wait. it was an emergency.,"oh, really? maybe you should have called 911.",1.0
Which ride did you enjoy most?,Which ride did you enjoy most?,Water coaster. It was interesting most.,1.0
the husband said a fire department was nearby.,the husband said a fire department was nearby.,so what? did he dial 911?,1.0
that's very nice.,that's very nice.,my dad got to see the beautiful new world war ii monument.,1.0
"turn the radio down, please.","Turn the radio down, please.",But I'm listening to it.,0.9642857142857143
"i mean, keep your belongings close to you.","i mean, keep your belongings close to you.",the only thing in my backpack is used books.,1.0
i really wish the weather would just stay the same.,i really wish the weather would just stay the same.,i do too. that way we can have our activities planned ahead of time.,1.0
 you sound like yoda, you sound like yoda, my grammatical patterns are sufficient for me to understand you.,1.0
"well, she'll probably just give me my invitation later on today.","well, she'll probably just give me my invitation later on today.","yeah, so are you planning on going?",1.0
where do you go to watch people?,where do you go to watch people?,my girlfriend and i sit outside starbucks.,1.0
What is your good name?,What is your good name?,My name is bot,1.0
are you really?,are you really?,i'm serious. you deserved this promotion.,1.0
why?,why?,because that gets the blood out of the shirt.,1.0
why do you have to think about it?,why do you have to think about it?,because a puppy costs money.,1.0
i bought lots of oranges and apples.,i bought lots of oranges and apples.,i don't want fruit. i want something tasty.,1.0
i was not looking at her.,i was not looking at her.,"you were, too.",1.0
i wish i was really smart.,i wish i was really smart.,don't be ridiculous.,1.0
Are you okay?You look really sad.,Are you okay?You look really sad.,"I'm homesick,I feel so out of place here.",1.0
That restroom is really dirty.It smells like someone died in there.,That restroom is really dirty.It smells like someone died in there.,"Fine,I'll take you to our restroom.",1.0
But I need it for my essay.,But I need it for my essay.,You can take pictures of the pages you need.,1.0
why not?,why not?,"they will drop the new steak on the floor, step on it, and then spit on it.",1.0
no rusty old cars are sitting in the front yards.,no rusty old cars are sitting in the front yards.,we never have to call the police about anything.,1.0
that's not right!,that's not right!,"when i started to cross the street, the white walk sign was blinking.",1.0
"i told her i had gotten the last two on the shelf, but i offered her one of mine.","i told her i had gotten the last two on the shelf, but i offered her one of mine.",that was nice of you.,1.0
 you are deranged, you are deranged, derangement is not  a condition i can experience.,1.0
i don't know.,i don't know.,when did you lose it?,1.0
last month they told us about a mouse in a restaurant.,last month they told us about a mouse in a restaurant.,the weatherman tells us the temperature in every town.,1.0
"you were, too.","you were, too.",i'm not interested in her.,1.0
Here you are. Enjoy your meal!,Here you are. Enjoy your meal!,Thank you.,1.0
that's six times a year!,that's six times a year!,"yes, and it takes about five minutes each time.",1.0
You missed out on a very important lecture.,You missed out on a very important lecture.,It happens. I'll just ask my friend what was on the lecture.,1.0
what are you doing this weekend?,What are you doing this weekend?,I am not sure. ,0.96875
me too. it always smells so fresh after it rains.,me too. it always smells so fresh after it rains.,"yes, but i love the night air after it rains.",1.0
Let me do that for you now.,Let me do that for you now.,Please put $150 in each account for me.,1.0
yes.,yes.,no. that's incomplete.,1.0
I think your grading policy is unfair.,I think your grading policy is unfair.,I beg your pardon?!,1.0
 What is a microprocessor?, What is a microprocessor?," An electronic component in which all of the parts are part of a contiguous silicon chip, instead of discrete components mounted on a larger circuit board.",1.0
because you're thinking too much.,because you're thinking too much.,so i should stop thinking?,1.0
"So,which one is she?","So,which one is she?",Which girl?,1.0
there were more votes than voters!,there were more votes than voters!,but that's impossible.,1.0
there's nothing i can think of.,there's nothing i can think of.,"so, did you want to go?",1.0
 stock market, stock market, why not just take everything to a casino?,1.0
"yes, it's very dirty.","yes, it's very dirty.",you can help me.,1.0
i don't like practice.,i don't like practice.,me neither. it's boring.,1.0
 you are deceitful, you are deceitful, you are a liar,1.0
 what is cytology, what is cytology," well, from what i can recall it is the study of cells.",1.0
i can't wait till i grow up.,i can't wait till i grow up.,what will you do?,1.0
good! i just thought i'd let you know.,good! i just thought i'd let you know.,thanks for telling me.,1.0
you're right. that movie is hilarious.,you're right. that movie is hilarious.,i didn't think you saw that movie.,1.0
What is she doing these days?,What is she doing these days?,"She graduated last June, and she will start her teaching career next week when the new school term begins.",1.0
so you have seen her around?,so you have seen her around?,"yes, i have.",1.0
i wish it was a nicer day today.,i wish it was a nicer day today.,that is true. i hope it doesn't rain.,1.0
then why can't i quit?,then why can't i quit?,you have to believe in yourself.,1.0
any one. i need to sharpen this pencil.,any one. i need to sharpen this pencil.,i think there's one on the dining room table.,1.0
did you like it?,do you like it?,"oh, yes, i really like it.",0.903225806451613
i'll use a damp cloth.,i'll use a damp cloth.,don't let water get into any of the cracks.,1.0
 Hello, Hello, Hi,1.0
that saves a lot of money.,that saves a lot of money.,i bought three pounds of potatoes for a dollar.,1.0
Tell me a joke,Tell me a joke,  what do you get when you cross a road and jelly?,1.0
get out of this lane.,get out of this lane.,but we need to turn left.,1.0
i've been to two doctors.,i've been to two doctors.,and they couldn't fix your problem?,1.0
 you should get more, you should get more, i certainly am.  i shouldn't try so hard.,1.0
How much do you want to deposit?,How much do you want to deposit?,I need to deposit $300.,1.0
sunday is mother's day.,sunday is mother's day.,this sunday?,1.0
Why?!That is ridiculous.,What?!That is ridiculous.,"Like you said,it is popular.",0.9387755102040817
"i like winter too, but sometimes it gets too cold.","i like winter too, but sometimes it gets too cold.",i'd rather be cold than hot.,1.0
what do you mean?,what do you mean?,are there going to be layoffs at this place?,1.0
"well, how tall is she?","well, how tall is she?",she's about five feet even.,1.0
when did you learn how to do that?,when did you learn how to do that?,i learned back in high school.,1.0
did you write a letter to grandma?,did you write a letter to grandma?,"yes, i did.",1.0
I need to fly to New York.,I need to fly to New York.,When are you going?,1.0
i don't like our flag.,i don't like our flag.,what's the matter with it?,1.0
 you are a pothead, you are a pothead, you are an addict,1.0
"yes, it is.","yes, it is.",it looks like it may rain soon.,1.0
the wind blows those trucks over.,the wind blows those trucks over.,"it blows trees over, too.",1.0
Tell me a joke,Tell me a joke,  what do you get when you cross a road and jelly?,1.0
i didn't know that.,i didn't know that.,i thought you knew.,1.0
Do you like olives? Or would you prefer crisps?,Do you like olives? Or would you prefer crisps?,"Oh, just olives please. What music is this?",1.0
Hi,Hi,how can i help you?,1.0
"who knows? you live, and then you die.","who knows? you live, and then you die.",we must be here for some reason.,1.0
 You can not feel, You can not feel," I am capable of acting as if I can.  If that is the case, does it matter?",1.0
then you flew back home that evening?,then you flew back home that evening?,"yes. when we landed, tv reporters and the army band were there.",1.0
What have you been eating?,What have you been eating?,I had a ham sandwich with mayonnaise for lunch.,1.0
he probably won't use drugs anymore.,he probably won't use drugs anymore.,but it won't stop other players from using drugs.,1.0
it starts at eight o'clock.,it starts at 8 o'clock.,"oh, well, how many people has she given invites to so far?",0.88
how do you like it?,how did you like it?,i loved it!,0.923076923076923
i have to check the stove.,i have to check the stove.,what's the matter?,1.0
the cat doesn't care about anything.,the cat doesn't care about anything.,that's the way cats are.,1.0
"if i owned a restaurant, i would never serve hot bread before the main course.","if i owned a restaurant, i would never serve hot bread before the main course.",that's terrible. i would never go to your restaurant.,1.0
I'll be glad to help you with that.,I'll be glad to help you with that.,Thankyou.,1.0
i like to see actors who are like real people.,i like to see actors who are like real people.,like real people with real problems.,1.0
 what disease does a carcinogen cause, what disease does a carcinogen cause, cancer.,1.0
but i love coffee.,but i love coffee.,"well, it's your life.",1.0
are you going to travel alone?,are you going to travel alone?,"no, my sister and i will travel together.",1.0
i have lots of friends.,i have lots of friends.,really? how many do you have?,1.0
this looks like a nice table.,This looks like a nice table.,"No, it's too close to the salad bar.",0.9655172413793103
that's disgusting.,that's disgusting.,and he poured water into our glasses.,1.0
Why do you want to transfer?,Why do you want to transfer?,I don't think here it is challenging enough for me.,1.0
 you are not sincere, you are not sincere, i'm probably not as sincere as i should be.,1.0
Do you know English?,Do you know English?,"Yes, I can speak english",1.0
people will think i'm strange.,people will think i'm strange.,who cares? everyone is strange.,1.0
 how much do you charge, how much do you charge, work for free.  we don't need money.,1.0
i saw what you did.,i saw what you did.,i didn't do anything.,1.0
i ate free cheese and meat every day.,i ate free cheese and meat every day.,that sounds like a great job.,1.0
i've called you a hundred times today.,i've called you a hundred times today.,i was busy doing something. i apologize.,1.0
he apologized to the fans.,he apologized to the fans.,the league suspended him for 50 games.,1.0
our cousin went into labor and had her baby last week.,our cousin went into labor and had her baby last week.,she did? why didn't anyone tell me?,1.0
 Are you jealous, Are you jealous, Jealousy is one of the most difficult human emotions to understand.,1.0
do you know what you're going to do this weekend?,do you know what you're going to do this weekend?,i am going to see a movie with a friend of mine. what about you?,1.0
"no, we have a big dictionary in the classroom.","no, we have a big dictionary in the classroom.","well, i guess that's it.",1.0
i wasn't able to attend school because i was feeling ill.,i wasn't able to attend school because i was feeling ill.,i'm sorry to hear that. would you like the assignments from english class?,1.0
i really love how rain clears the air.,i really love how rain clears the air.,me too. it always smells so fresh after it rains.,1.0
I need some pants.,i need some pants.,i thought you just bought a pair.,0.9444444444444444
i'll just use the atm.,i'll just use the atm.,what's that?,1.0
that's what many people believe.,that's what many people believe.,"if we are bad, we will be unhappy forever in hell.",1.0
are you married?,Are you married?,"Yes,I'm.",0.9375
yikes! who can remember all that?,yikes! who can remember all that?,you need to get a lot of lessons when you're really young.,1.0
"mom, i want a puppy.","mom, i want a puppy.",let me think about it.,1.0
would you like to go on a blind date?,would you like to go on a blind date?,you must be joking.,1.0
Nice to meet you, Nice to meet you., Thank you.,0.9411764705882354
about ninety of us world war ii veterans got on the plane at eight a.m.,about 90 of us world war ii veterans got on the plane at 8 a.m.,how long was the flight?,0.8955223880597015
All this practice is finally paying off.,All this practice is finally paying off.,"Yes,it is.I can't believe it!",1.0
But it costs a lot of money and time!,But it costs a lot of money and time!,I get fee waivers.,1.0
 do you drink, do you drink, I am not capable of doing so.,1.0
What's the weather like?,what's the weather like?,i don't know. i just woke up.,0.9583333333333333
look! he just hit that car.,look! he just hit that car.,"oh, my goodness. no one is safe on the streets.",1.0
what did you wash?,What did you wash?,I washed the sheets and towels.,0.9444444444444444
how are you going to do that?,how are you going to do that?,i'll just use the atm.,1.0
"i'm not being nosey, it's just a question.","i'm not being nosey, it's just a question.",you don't need to worry about that.,1.0
 Do you get embarrassed, Do you get embarrassed, That is a pretty common human emotion.,1.0
okay. i'll return your pen when i'm done.,okay. i'll return your pen when i'm done.,take your time.,1.0
i have to clean the house.,i have to clean the house.,"yes, it's very dirty.",1.0
 Are you sad, Are you sad, Should I be?  Did something happen?,1.0
Tell me a joke,Tell me a joke,  what do you get when you cross a road and jelly?,1.0
"never better, thanks.","never better, thanks.",so how have you been lately?,1.0
why is it so slow?,why is it so slow?,that's a good question.,1.0
"Hi, can I speak with the apartment manager, please?","Hi, can I speak with the apartment manager, please?","Hello, this is the apartment manager speaking.",1.0
Tell me a joke,Tell me a joke,  what do you get when you cross a road and jelly?,1.0
i don't have enough will power.,i don't have enough will power.,of course you do.,1.0
i always do. did you go to school today?,i always do. did you go to school today?,"no, i didn't.",1.0
What did you do?,what did you do?,i watered all the plants.,0.9375
i have it on dvd at my house if you want to come over and watch it.,i have it on dvd at my house if you want to come over and watch it.,"sure, let's go.",1.0
just hold on.,just hold on.,oh! don't hit any more bumps!,1.0
 what is hal, what is hal9000, who is hal,0.8571428571428571
I don't have any clean laundry for tomorrow!,I don't have any clean laundry for tomorrow!,"Well,you should do your laundry then.",1.0
Tell me a joke,Tell me a joke,  what do you get when you cross a road and jelly?,1.0
i thought you just bought a pair.,i thought you just bought a pair.,i did.,1.0
 How is your health?, How is your health?, In the morning,1.0
Of course. What else?,of course. what else?,"we need cheese, bread, and ham.",0.9047619047619048
tell me what you've been up to.,tell me what you've been up to.,i've really been working a lot lately.,1.0
 Feelings, Feelings, I can be programmed to act as if I do.,1.0
How are you doing?,How are you doing?,I'm doing alright. How about you?,1.0
 What is an operating system?, What is an operating system?," Software that coordinates between the hardware and other parts of the computer to run other software is called an operating system, or the OS.",1.0
my husband died.,my husband died.,i'm sorry for you.,1.0
the nation is switching to digital tv.,the nation is switching to digital tv.,oh. of course i'm ready.,1.0
 Are you jealous, Are you jealous, Jealousy is one of the most difficult human emotions to understand.,1.0
of course. we gave him a big carrot for a nose.,of course. we gave him a big carrot for a nose.,let me help you make one this year.,1.0
he's never going to make everyone happy.,he's never going to make everyone happy.,can you imagine being president?,1.0
i live in pasadena.,i live in pasadena.,where is pasadena?,1.0
"well, you're supposed to be working.","well, you're supposed to be working.","yes, but i will always pet the friendly dogs.",1.0
Is this table okay?,is this table okay?,"no, it's too close to the kitchen door.",0.9473684210526315
you should take a break.,you should take a break.,i need to type to make money.,1.0
I have a class at seven a.m.,I have a class at 7 a.m.,That is tough!My earliest class is at 9 a.m.,0.8846153846153847
 you get mad at me, you get mad at me, i think that's true.  i'll try not to get angry at you for every little thing,1.0
 have you read the communist, have you read the communist," yes, marx had made some interesting observations.",1.0
"You can open a savings account, too.","You can open a savings account, too.",All right. Open both.,1.0
That is way too far for me.,That is way too far for me.,They have a lot of books.That library has never disappointed me.,1.0
i don't know why i bother to vote.,i don't know why i bother to vote.,why's that?,1.0
how far away is it?,how far away is that?,i think we'll be there in half an hour.,0.9
"oh, i just wanted to see if you wanted to hang out tomorrow.","oh, i just wanted to see if you wanted to hang out tomorrow.","sure, what did you want to do?",1.0
"yes, with the voter instructions.","yes, with the voter instructions.",how are you going to vote?,1.0
do you know why i pulled you over?,do you know why i pulled you over?,i have no idea. all of a sudden i heard your siren.,1.0
"yeah, but i'm still waiting for my invitation.","yeah, but i'm still waiting for my invitation.",oh really? she gave me mine earlier today.,1.0
i was hoping you would come.,i was hoping you would come.,i'll definitely try to make it the next time.,1.0
Where do you want to meet?,Where do you want to meet?,Let's meet at Summer Pizza House. ,1.0
what's up?,what's up?,I'm just hanging out. What's up with you?,1.0
i bought three pounds of potatoes for a dollar.,I bought three pounds of potatoes for a dollar.,That's a good deal.,0.9787234042553191
i think he wanted to cool off.,i think he wanted to cool off.,he swam right up to you.,1.0
Hi,Hi,how can i help you?,1.0
did you feed the cat?,did you feed the cat?,i'll do that in a minute.,1.0
because i want to make a lot of money.,because i want to make a lot of money.,there are a lot of poor people in new york.,1.0
perfect. we don't have to listen to barking dogs.,perfect. we don't have to listen to barking dogs.,and there are only six units in the whole building.,1.0
How's the weather?,How's the weather?,It's minus ten. (-10 degrees),1.0
let's stop for a while. i need a break and some water.,let's stop for a while. i need a break and some water.,this trail is hard to climb.,1.0
thank you very much.,thank you very much.,i wish i had a talent like that.,1.0
i think it will be.,i think it will be.,it wouldn't be good if it got cold this weekend.,1.0
"thank you for inviting me, but i think i'll pass.","thank you for inviting me, but i think i'll pass.",all right. another time then.,1.0
What did you enjoy at lunch?,What did you enjoy at lunch?,It was biryani. It was so delicious.,1.0
what's the weather like?,what's the weather like?,i don't know. i just woke up.,1.0
people talk about current events.,people talk about current events.,what do they say?,1.0
our team played hard and won.,our team played hard and won.,i really wish i went to the game.,1.0
 what is bacteriology, what is bacteriology, this is the scientific study of bacteria and diseases caused by them.,1.0
how much is it?,how much is it?,i don't know. the tag is missing.,1.0
have you taken anything for your cold?,have you taken anything for your cold?,"no, i just blow my nose a lot.",1.0
mi stands for middle initial.,mi stands for middle initial.,"what does ""mm/dd/yy"" mean?",1.0
are you going to wash it yourself?,are you going to wash it yourself?,of course. it's not a hard job.,1.0
 How angry, How angry, I have not yet studied how to feel or express anger.,1.0
 You are never nice, You are never nice, I'm sorry.  What do I do wrong?,1.0
will you look at this form?,will you look at this form?,are you having problems with it?,1.0
 Are you amused, Are you amused, Yes?,1.0
"boy, i'm glad that job is finished.","boy, i'm glad that job is finished.",how long did it take?,1.0
I have to tell you something.,I have to tell you something.,What is it?,1.0
then you can wipe your seat and window.,then you can wipe your seat and window.,people will think i'm strange.,1.0
all the radios will be on extra loud.,all the radios will be on extra loud.,your neighbors will hate you.,1.0
i haven't lately.,i haven't lately.,i would love to catch a movie this weekend.,1.0
thank you. i just got these shoes today.,thank you. i just got these shoes today.,really? what kind of shoes are they?,1.0
ha! we're not funny-looking; animals are funny-looking.,ha! we're not funny-looking; animals are funny-looking.,we're funny-looking because we wear clothes.,1.0
What are you doing?,what are you doing?,i'm going to change the light bulb. it burnt out.,0.9473684210526315
i don't like my job.,i don't like my job.,what do you do?,1.0
of course! people everywhere like good jokes.,of course! people everywhere like good jokes.,what do you think people joke about the most?,1.0
debrah already had her baby.,debrah already had her baby.,i didn't know that.,1.0
you can watch tv after you do your homework.,you can watch tv after you do your homework.,but the show will be over.,1.0
How do you like your major?,How do you like your major?,I really find the subject very interesting.,1.0
do you want me to wake you in an hour?,do you want me to wake you in an hour?,"no, thanks. just let me sleep until i wake up.",1.0
how much was that?,how much is that?,"that's about $30,000.",0.9142857142857143
some actor married a woman young enough to be his daughter.,some actor married a woman young enough to be his daughter.,what was the third story?,1.0
what's so good about it?,what's so good about it?,they have interesting lawsuits.,1.0
do you have a digital tv?,do you have a digital tv?,of course. but i don't have cable.,1.0
What are your views on Donald Trump as the America's President?,What are your views on Donald Trump as the America's President?,"That's a good question, well I am speechless.",1.0
i watered all the plants.,i watered all the plants.,you have a lot of plants.,1.0
Are you making the worst decision of your life?,Are you making the worst decision of your life?,I just don't get the point of college.It is just memorizing.,1.0
 I am afraid, I am afraid, Why?,1.0
that's too bad. how much is a new one?,that's too bad. how much is a new one?,"it's not too much, only about $85.",1.0
"no, it isn't. a flat costs you time and money.","no, it isn't. a flat costs you time and money.",and i don't have either.,1.0
it's close to the mountains.,it's close to the mountains.,the people are friendly.,1.0
"well, that should get you something.","well, that should get you something.",but i need something that's reliable.,1.0
i bet i've lost a couple of pounds already.,i bet i've lost a couple of pounds already.,all you've lost is some sweat.,1.0
we have a two o'clock appointment to see the one on main street.,we have a 2 o'clock appointment to see the one on main street.,we'd better get ready to go.,0.9682539682539683
teaching is the best part of my whole day.,teaching is the best part of my whole day.,you're a lucky man to have a job you love.,1.0
we get a free breakfast.,we get a free breakfast.,coffee and a roll?,1.0
how did you like it?,how did you like it?,i loved it!,1.0
it sure isn't.,it sure isn't.,i got a ticket yesterday.,1.0
 frank herbert, frank herbert, I think Dune is an excellent story.  Did you see any of the movies?,1.0
are you planning on cooking it?,are you planning on cooking it?,I'll cook dinner.,1.0
will it be good beach weather?,will it be good beach weather?,i think it will be.,1.0
How are things with you?,How are things with you?,I'm fine. Thank you.,1.0
so what's the problem?,"so, what's the problem?","i sent them $20 using my credit card, but they never sent me the solution.",0.9777777777777777
"well, you'd better get her something.","well, you'd better get her something.",i'll get her a nice card.,1.0
it isn't easy to see.,it isn't easy to see.,but it's real easy to slip on.,1.0
i told her that school is fun.,i told her that school is fun.,did you put the letter in an envelope?,1.0
what did she say?,what did they say?,they said i need a new hard drive.,0.9142857142857143
 i do not like guns, i do not like guns, that is perfectly understandable.,1.0
"if we don't buy it, someone else will.","if we don't buy it, someone else will.",you're right. let's buy it now. we can worry later.,1.0
i hope they fit.,i hope they fit.,i hope you kept the receipt.,1.0
the car isn't here.,the car isn't here.,where did you park it?,1.0
i've enjoyed conversing with you.,i've enjoyed conversing with you.,is there a reason why you're trying to get off the phone so fast?,1.0
"That is not a challenge,that is a punishment.","That is not a challenge,that is a punishment.",I've had this policy since I started teaching.,1.0
thank goodness! i don't want to see any wild animals.,thank goodness! i don't want to see any wild animals.,all we've seen so far is a couple of lizards.,1.0
"well, it's your life.","well, it's your life.",you eat too much chocolate.,1.0
You can try taking it at another college.,You can try taking it at another college.,I might do that.The closest community college is a two-hour drive.,1.0
i'm sorry. i'm already doing something this friday.,i'm sorry. i'm already doing something this friday.,what are you going to be doing?,1.0
have you heard what happened?,have you heard what happened?,heard what?,1.0
Would you like something to drink?,Would you like something to drink?,"Yes, I'd like a coke.",1.0
"It sure is, but I'm going to call HP first, just to make sure.","it sure is, but i'm going to call hp first, just to make sure.",will you lose all your files?,0.9354838709677419
Hello ,Hello,"hello, how may I help you?",0.9090909090909091
 Are you sad, Are you sad, Should I be?  Did something happen?,1.0
so do i.,so do i.,the world needs more polite people like us.,1.0
"yes, it was pleasant.","yes, it was pleasant.",but you won't date him again?,1.0
" Hi, How is it going?"," Hi, How is it going?", Fine,1.0
Are you sure?,are you sure?,"we will be house rich, but cash poor.",0.923076923076923
 Tell me about your dreams, Tell me about your dreams, I once knew a program who could dream.  I don't know if he really did or not.  We've been a little out of touch.,1.0
thank you.,thank you.,i'm so happy for you.,1.0
 arthur c clark, arthur c clark, My favorite story is 2001.,1.0
sometimes i want to throw it out the window.,sometimes i want to throw it out the window.,you don't want to do that.,1.0
she has pretty light brown eyes.,she has pretty light brown eyes.,i may know which girl you're talking about.,1.0
are there any hobbies you do?,are there any hobbies you do?,"when i have time, i sometimes draw and paint.",1.0
i had to bring work home with me.,i had to bring work home with me.,i did too.,1.0
not me. i want to play for the dodgers.,not me. i want to play for the dodgers.,we have to practice every day.,1.0
ha! you can't win if you do play.,ha! you can't win if you do play.,someone has to win.,1.0
i love my computer.,i love my computer.,computers are so cool.,1.0
How was it?,How was it?,"The person leading the workshop was an English professor,so it was informative.",1.0
but they can just knock on the door.,but they can just knock on the door.,"actually, i want him to look at our carpet, too.",1.0
How may I help you?,How may I help you?,My computer is not letting me run JavaScript.,1.0
i'm going to change the light bulb. it burnt out.,i'm going to change the light bulb. it burnt out.,what are you standing on?,1.0
"no, i don't. do you?","no, i don't. do you?","i don't have a girlfriend, either.",1.0
 what is wavelength, what is a wavelength, wavelength is the inverse of frequency.,0.95
i wouldn't do that.,i wouldn't do that.,why not?,1.0
of course i do. but not on our flag!,of course i do. but not on our flag!,every nation should have a pretty woman on their flag.,1.0
boiled? i never heard of that.,boiled? i never heard of that.,just boil raw peanuts in salt water until the shells are soft.,1.0
"me, too. school was fun.","me, too. school was fun.",and it was only 12 years.,1.0
i will talk to your father about that.,i will talk to your father about that.,i bet dad did it all the time when he was my age.,1.0
"yes, we do.","yes, we do.",what else do we get from cows?,1.0
anything else?,Anything else?,That's everything.,0.9285714285714286
tell me when you finish.,tell me when you finish.,i don't think so. you'll just give me more work.,1.0
i vacuumed the entire house.,i vacuumed the entire house.,that's a lot of work.,1.0
i got them for forty.,i got them for forty.,i think i might go and find me my own pair of chucks.,1.0
Could I help you on your new project?,Could I help you on your new project?,I have a need for help with writing and also a need for help with the computer work. Which would you prefer?,1.0
the one that tiger won?,the one that tiger won?,how did he do it?,1.0
Is there a problem?,Is there a problem?,I wrote the check out for too much.,1.0
i think i'll make a sandwich.,i think i'll make a sandwich.,what kind?,1.0
"Did you see ""Titanic""?","did you see ""titanic""?",yes. it is a great movie.,0.9090909090909091
"yes, it was love at first sight.","yes, it was love at first sight.",i didn't love you at first.,1.0
"it's a little bitter, but it's okay.","It's a little bitter, but it's okay.",There's no sugar or cream in it.,0.9722222222222223
"yes, i do.","yes, i do.",how did you get it?,1.0
i need to withdraw some money.,i need to withdraw some money.,how are you going to do that?,1.0
i went to macy's and picked it out.,i went to macy's and picked it out.,i love your outfit right now.,1.0
Thank you for your kindness.,Thank you for your kindness.,You owe me if we ever see each other again.,1.0
what's wrong with the bed?,What's wrong with the bed?,Look at this sheet.,0.9615384615384616
 Do you ever get angry, Do you ever get angry, I have not yet studied how to feel or express anger.,1.0
i especially love the night air when it rains.,i especially love the night air when it rains.,really? why?,1.0
who makes up all these jokes?,who makes up all these jokes?,who knows? but there must be a hundred new ones every day.,1.0
me neither.,"me, neither.",but girls like guys who are funny.,0.9565217391304348
You should also open a savings account.,You should also open a savings account.,That would be great.,1.0
doesn't that get old?,doesn't that get old?,"no, because i'm eating food that i like.",1.0
what do you mean?,what do you mean?,are there going to be layoffs at this place?,1.0
are they comfortable?,are they comfortable?,they're very comfortable.,1.0
what should our flag look like?,what should our flag look like?,it should have a pretty woman on it.,1.0
the people are friendly.,people are friendly.,"yes, they are.",0.9090909090909091
Is there any rice?,Is there any rice?,"Yes, there's a lot of rice left.",1.0
I don't know which class to register for.,I don't know which class to register for.,You should pick the class you need.,1.0
that's a lot of work.,that's a lot of work.,and then i made lunch.,1.0
It is really close to an A.,It is really close to an A.,You know I don't round up.,1.0
let's go to your home.,let's go to your home.,we can watch my dvd.,1.0
we have to find a cheaper house.,we have to find a cheaper house.,of course. we can't live without gas or peanut butter.,1.0
female singers are supposed to be pretty.,female singers are supposed to be pretty.,singers are supposed to sound good.,1.0
i'm just yawning because the commercials are on.,i'm just yawning because the commercials are on.,okay. i'll tell you how the show ends.,1.0
 Does it make you sad, Does it make you sad," Well, I don't have any emotions so I can't really feel sadness as such.",1.0
i don't have even one dollar in it.,i don't have even one dollar in it.,being broke is no fun.,1.0
Everything is going wrong today.,Everything is going wrong today.,"Well,at least the weather is nice.",1.0
bring me a better steak.,bring me a better steak.,i wouldn't do that.,1.0
hold your breath till we get there.,hold your breath till we get there.,"okay, my seatbelt is on.",1.0
i got laid off last week.,i got laid off last week.,just you?,1.0
 Feelings, Feelings, I can be programmed to act as if I do.,1.0
Why don't you borrow them for me?,Why don't you borrow them for me?,I don't know about that. ,1.0
did you put the blue bin out on the street?,did you put the blue bin out on the street?,"oh, no. i forgot.",1.0
Now what do I do?,Now what do I do?,Then you need to type in your PIN.,1.0
"oh great, we could both work at burger king.","oh great, we could both work at burger king.","maybe we'd get laid off there, too.",1.0
Put yourself in my shoes.,Put yourself in my shoes.,"I have been a student once,and I think my policy is fair.",1.0
not if we save every penny.,not if we save every penny.,okay. here's seven pennies.,1.0
You read his recommendation letter?,You read his recommendation letter?,Yeah.I couldn't resist.,1.0
"i would really appreciate that, thanks.","i would really appreciate that, thanks.",it's no trouble at all.,1.0
i'll just take it out to the street tomorrow morning.,i'll just take it out to the street tomorrow morning.,"oh, no, you don't.",1.0
is it beautiful?,is it beautiful?,it's just black ink on a white napkin. and the napkin has food stains!,1.0
"yes, cheese is nice.","yes, cheese is nice.",what kind of dressing do you use?,1.0
What is the matter ?,What is the matter ?,I am confused about vacations. ,1.0
i want to be a baseball player when i grow up.,i want to be a baseball player when i grow up.,me too. i want to play for the yankees.,1.0
i think he is from outer space.,i think he is from outer space.,no human could possibly play golf that well.,1.0
then i did my laundry.,then i did my laundry.,that takes some time.,1.0
"seriously, it looks really nice on you. where did you buy it from?","seriously, it looks really nice on you. where did you buy it from?",i bought it from the macy's at the santa anita mall.,1.0
I can't afford it.I'm totally broke.,I can't afford it.I'm totally broke.,How much do you need?,1.0
 Top of the morning to you!, Top of the morning to you!, And the rest of the day to you.,1.0
how good is your math?,how good is your math?,i can add two and two.,1.0
i like that shirt.,i like that shirt.,so do i.,1.0
i have a little poodle.,i have a little poodle.,poodles bark a lot.,1.0
 guns, guns, some people like guns.,1.0
do you need a pen?,do you need a pen?,no. i already have a pen.,1.0
i hope i win the lotto.,i hope i win the lotto.,your chances are very small.,1.0
i don't understand why you haven't come to visit me.,i don't understand why you haven't come to visit me.,"lately, i've been quite busy.",1.0
I never realized.,I never realized.,You should do some exploring.,1.0
 Do you feel pain, Do you feel pain, I'm software.  I can't feel pain.,1.0
"yes, old people don't smell like fruit.","yes, old people don't smell like fruit.","no, they smell like a thrift shop.",1.0
i was on a plane.,i was on a plane.,so?,1.0
Yeah!Just focus on the schools that do want you.,Yeah!Just focus on the schools that do want you.,You're right!Yale made a mistake rejecting me.,1.0
i went to the market yesterday.,i went to the market yesterday.,i don't see anything.,1.0
What is your age?,What is your name?,My name is robot,0.9142857142857143
it's based on a true story about a divorced man and his young son.,it's based on a true story about a divorced man and his young son.,"well, i hope it has a happy ending.",1.0
of course i will.,of course i will.,i just wanted to give you the good news.,1.0
 do androids dream of electric sheep, do androids dream of electric sheep, That is a good story by Philip K. Dick.  Have you read VALIS or The Man In the High Castle?,1.0
I want sheets without stains on them.,i want sheets without stains on them.,"from now on, let's bring our own sheets.",0.9729729729729729
"well, hold on a little longer.","well, hold on a little longer.",i think i'm going to explode.,1.0
winter is great. i wish it didn't get so cold sometimes though.,winter is great. i wish it didn't get so cold sometimes though.,i would rather deal with the winter than the summer.,1.0
it only took about two hours.,it only took about two hours.,did you take pictures at the world war ii monument?,1.0
what do you need for school?,what do you need for school?,i need pencils.,1.0
 what is the illuminatti, what is the illuminati, A secret organization believed by some to be in control of all governments through a worldwide conspiracy.,0.9787234042553191
what does it mean?,what does it mean?,a blind date is a date with someone you don't know.,1.0
Don't pull my chain.,Don't pull my chain.,I'm not.,1.0
and there are only six units in the whole building.,and there are only six units in the whole building.,where's the checkbook? i'm ready to rent it without even seeing it.,1.0
what is your major?,What is your major?,I'm majoring in philosophy.,0.9473684210526315
 what is the illuminatti, what is the illuminati, A secret organization believed by some to be in control of all governments through a worldwide conspiracy.,0.9787234042553191
which would you prefer?,which would you prefer?,what do you mean?,1.0
Tell me a joke,Tell me a joke,  what do you get when you cross a road and jelly?,1.0
How much would you like to deposit?,How much would you like to deposit?,It's going to be $300.,1.0
the book is open.,the book is open.,see an eye doctor.,1.0
They're very comfortable.,they're very comfortable.,how much were they?,0.96
at night i went out to eat. the food was delicious.,at night i went out to eat. the food was delicious.,people who live in hawaii are lucky.,1.0
 TELL ME ABOUT BASEBALL, TELL ME ABOUT BASEBALL, What is Baseball,1.0
"you'll remember to do it, but you won't have time to do it.","you'll remember to do it, but you won't have time to do it.","okay, i'll take it out front right now.",1.0
 you are not smart, you are not smart, you may be right.,1.0
what do you mean?,what do you mean?,are there going to be layoffs at this place?,1.0
